character_id,character,state_order,state_name,narrative_range,source_ids,body_continuity,material_or_prop_lock,asset_path,status
CHR-KAN,Kaṇṇaki,1,merchant_household,SCN-PUK-002–004,HWT-0029–0035,protected_and_composed,paired_anklets_are_household_property,assets/visual-development/character-models-v1/01-kannaki-six-state-v1.jpg,concept_v1_research_hold
CHR-KAN,Kaṇṇaki,2,separation,SCN-PUK-008–018,HWT-0042–0055,contained_grief_and_reduced_ornament,anklets_remain_under_her_control,assets/visual-development/character-models-v1/01-kannaki-six-state-v1.jpg,concept_v1_research_hold
CHR-KAN,Kaṇṇaki,3,traveller,SCN-PUK-021–SCN-ROAD-018,HWT-0058–0089,cumulative_fatigue_and_foot_injury,travel_load_and_anklet_continuity,assets/visual-development/character-models-v1/01-kannaki-six-state-v1.jpg,concept_v1_research_hold
CHR-KAN,Kaṇṇaki,4,madhari_refuge,SCN-MDU-003–005,HWT-0095–0101,injury_cared_for_not_erased,one_anklet_retained_one_released_for_sale,assets/visual-development/character-models-v1/01-kannaki-six-state-v1.jpg,concept_v1_research_hold
CHR-KAN,Kaṇṇaki,5,court_claimant,SCN-MDU-010–024,HWT-0108–0130,injury_and_grief_remain_visible,surviving_anklet_becomes_public_evidence,assets/visual-development/character-models-v1/01-kannaki-six-state-v1.jpg,concept_v1_research_hold
CHR-KAN,Kaṇṇaki,6,sacred_memory,SCN-MDU-025–SCN-VAN-030,HWT-0131–0197,transformed_but_not_erased,divine_coding_only_after_community_recognition,assets/visual-development/character-models-v1/01-kannaki-six-state-v1.jpg,concept_v1_research_hold
CHR-KOV,Kōvalaṉ,1,merchant_confidence,SCN-PUK-002–004,HWT-0029–0035,protected_and_well_resourced,merchant_household_materials,assets/visual-development/character-models-v1/02-kovalan-six-state-v1.jpg,concept_v1_research_hold
CHR-KOV,Kōvalaṉ,2,artistic_patron,SCN-PUK-007–014,HWT-0041–0049,ornamented_and_socially_confident,garland_and_yal_relationship,assets/visual-development/character-models-v1/02-kovalan-six-state-v1.jpg,concept_v1_research_hold
CHR-KOV,Kōvalaṉ,3,relational_rupture,SCN-PUK-014–018,HWT-0049–0055,defensive_and_reduced,flower_letter_chain_begins,assets/visual-development/character-models-v1/02-kovalan-six-state-v1.jpg,concept_v1_research_hold
CHR-KOV,Kōvalaṉ,4,ashamed_return,SCN-PUK-019–021,HWT-0056–0058,loss_visible_without_absolution,no_automatic_restoration_of_status,assets/visual-development/character-models-v1/02-kovalan-six-state-v1.jpg,concept_v1_research_hold
CHR-KOV,Kōvalaṉ,5,traveller,SCN-PUK-022–SCN-ROAD-018,HWT-0059–0089,weathered_and_physically_reduced,travel_load_and_letter_continuity,assets/visual-development/character-models-v1/02-kovalan-six-state-v1.jpg,concept_v1_research_hold
CHR-KOV,Kōvalaṉ,6,exposed_trader,SCN-MDU-006–009,HWT-0102–0107,locally_unprotected,sale_anklet_remains_unopened,assets/visual-development/character-models-v1/02-kovalan-six-state-v1.jpg,concept_v1_research_hold
CHR-MAD,Mādhavi,1,disciplined_trainee,SCN-PUK-005,HWT-0036–0037,trained_body_and_repetition,practice_instruments_and_teacher_system,assets/visual-development/character-models-v1/03-madhavi-six-state-v1.jpg,concept_v1_research_hold
CHR-MAD,Mādhavi,2,debut_preparation,SCN-PUK-006,HWT-0038–0040,technical_readiness,costume_and_stage_are_working_systems,assets/visual-development/character-models-v1/03-madhavi-six-state-v1.jpg,concept_v1_research_hold
CHR-MAD,Mādhavi,3,public_performer,SCN-PUK-007–011,HWT-0041–0044,professional_control,headstaff_garland_yal_and_ensemble,assets/visual-development/character-models-v1/03-madhavi-six-state-v1.jpg,concept_v1_research_hold
CHR-MAD,Mādhavi,4,intimate_artist,SCN-PUK-012–015,HWT-0045–0050,artistic_speech_and_hurt,yal_is_communication_not_decoration,assets/visual-development/character-models-v1/03-madhavi-six-state-v1.jpg,concept_v1_research_hold
CHR-MAD,Mādhavi,5,letter_writer,SCN-PUK-016–SCN-ROAD-016,HWT-0051–0053;HWT-0083–0085,disciplined_grief,flower_letter_material_chain,assets/visual-development/character-models-v1/03-madhavi-six-state-v1.jpg,concept_v1_research_hold
CHR-MAD,Mādhavi,6,renunciant,SCN-VAN-024,HWT-0187,consequence_not_purification,renunciation_objects_require_specialist_review,assets/visual-development/character-models-v1/03-madhavi-six-state-v1.jpg,concept_v1_research_hold
CHR-KAU,Kauṇṭi,1,solitary_ascetic,SCN-PUK-024,HWT-0060,disciplined_and_self_sufficient,practical_ascetic_implements,assets/visual-development/character-models-v1/04-kaundi-six-state-v1.jpg,concept_v1_research_hold
CHR-KAU,Kauṇṭi,2,assessing_witness,SCN-ROAD-001–003,HWT-0061–0064,observes_bodily_limits,water_footwear_and_load_checks,assets/visual-development/character-models-v1/04-kaundi-six-state-v1.jpg,concept_v1_research_hold
CHR-KAU,Kauṇṭi,3,route_guide,SCN-ROAD-004–010,HWT-0065–0074,terrain_aware_not_omniscient,route_and_water_management,assets/visual-development/character-models-v1/04-kaundi-six-state-v1.jpg,concept_v1_research_hold
CHR-KAU,Kauṇṭi,4,bodily_care_protector,SCN-ROAD-011–014,HWT-0075–0082,pace_bound_to_kannakis_body,care_materials_and_shelter_rules,assets/visual-development/character-models-v1/04-kaundi-six-state-v1.jpg,concept_v1_research_hold
CHR-KAU,Kauṇṭi,5,refuge_broker,SCN-MDU-003,HWT-0095–0097,transfers_responsibility_precisely,care_handoff_to_madhari,assets/visual-development/character-models-v1/04-kaundi-six-state-v1.jpg,concept_v1_research_hold
CHR-KAU,Kauṇṭi,6,grieving_renunciant,SCN-VAN-024,HWT-0187,grief_without_prophetic_certainty,final_objects_require_jain_review,assets/visual-development/character-models-v1/04-kaundi-six-state-v1.jpg,concept_v1_research_hold
